id,org_name,domain
1,"Test Berger, Carpenter and Moore",test.com
2,Fyle Velazquez Group,demo.org
3,Demo Kelley-Mitchell,demo.org
4,Test Green-Wright,gmail.com
5,Trial Morgan-Turner,test.com
6,Trial Johnson-Grant,sample.net
7,"Ferguson, Miller and Soto",castillo-townsend.com
8,Williams-Nolan,perry.net
9,Larson Inc,johnson.com
10,"Thomas, Velasquez and James",baker.com
11,"Russell, Hill and Barrett",robinson.org
12,Cook-Rivera,mckee.com
13,Hicks PLC,berry-hopkins.info
14,Barrett PLC,fletcher.com
15,"Cortez, Mckay and Santiago",diaz.com
16,"Mckinney, Stone and Martin",diaz.biz
17,Sims and Sons,wallace-washington.com
18,"Love, Bush and Bailey",jones-klein.com
19,Gilmore Inc,griffin.com
20,"Wilkerson, Calderon and Allen",foster.info
21,Sutton-King,graves.biz
22,Thomas Ltd,myers.net
23,Smith-Jackson,norris.com
24,Richardson LLC,mcdaniel.com
25,Jones and Sons,lynch.org
26,"Barnes, Ramirez and Barton",lewis.com
27,Glass Group,white.com
28,Reed-Humphrey,lawson-wyatt.com
29,Schmitt Ltd,shields.biz
30,Meyers-Nunez,harris.biz
31,Reyes-Houston,ayers.info
32,Rodriguez-Hernandez,bowen-ortiz.com
33,Calhoun-Gardner,patrick.com
34,Wright-Robbins,simpson-santana.com
35,"Campbell, Moore and Elliott",clark-torres.com
36,Fletcher-Nichols,wade.org
37,Francis and Sons,beasley.com
38,Smith-Davis,richardson.com
39,"Ramos, Johnson and Harrison",martinez.com
40,"Kelly, Phillips and Howell",nguyen-daugherty.com
41,Gilmore Inc,velazquez-perez.com
42,"Davis, Hayes and Young",long.com
43,Monroe Ltd,mathews.com
44,Johnson-Cardenas,lewis.com
45,"Thomas, Berry and Ball",ellis.org
46,Rodriguez and Sons,thomas.com
47,Robbins-Stevens,gallagher.com
48,Barajas LLC,fuller-dennis.com
49,Houston-Robinson,thomas-townsend.biz
50,"Walker, Brown and Ray",harris.com
